km;causa_acidente;tipo_acidente;fase_dia;condicao_metereologica;tracado_via;tipo_veiculo;severidade;idade;idade_normalizada;min;max
494;0,8;Capotamento;0,9;0,8;0,9;0,2;0,3;56;0,591397849;1;94
624,5;0,9;Colisão;0,9;0,8;0,8;0,2;0,1;30;0,311827957;;
741,4;0,6;Capotamento;0,9;0,9;0,9;0,2;0,3;43;0,451612903;;
625,3;0,8;Colisão;0,9;0,8;0,9;0,2;0,1;60;0,634408602;;
693;0,6;Colisão;0,9;0,9;0,8;0,2;0,3;54;0,569892473;;
693;0,6;Colisão;0,9;0,9;0,8;0,2;0,1;48;0,505376344;;
482,5;0,5;Saída de leito carroçável;0,9;0,8;0,8;0,2;0,1;36;0,376344086;;
619;0,9;Colisão;0,9;0,8;0,8;0,2;0,1;38;0,397849462;;
619;0,9;Colisão;0,9;0,8;0,8;0,2;0,1;38;0,397849462;;
619;0,9;Colisão;0,9;0,8;0,8;0,2;0,1;46;0,483870968;;
684;0,8;Colisão;0,7;0,8;0,8;0,2;0,1;33;0,344086022;;
684;0,8;Colisão;0,7;0,8;0,8;0,2;0,3;40;0,419354839;;
639;0,1;Colisão;0,9;0,5;0,8;0,2;0,1;37;0,387096774;;
619,5;0,9;Colisão;0,9;0,8;0,8;0,2;0,1;36;0,376344086;;
657;0,9;Capotamento;0,9;0,8;0,4;0,2;0,3;51;0,537634409;;
619,3;0,8;Colisão;0,9;0,8;0,8;0,2;0,1;31;0,322580645;;
619,3;0,8;Colisão;0,9;0,8;0,8;0,2;0,1;36;0,376344086;;
476,8;0,7;Incêndio;0,5;0,7;0,9;0,2;0,1;34;0,35483871;;
627,7;0,8;Colisão;0,9;0,8;0,8;0,2;0,1;29;0,301075269;;
446;0,8;Capotamento;0,9;0,8;0,8;0,2;0,3;50;0,52688172;;
702,5;0,5;Capotamento;0,7;0,8;0,8;0,2;0,1;41;0,430107527;;
545,2;0,9;Saída de leito carroçável;0,9;0,8;0,8;0,2;0,3;60;0,634408602;;
543,4;0,4;Capotamento;0,7;0,8;0,8;0,2;0,3;66;0,698924731;;
624,9;0,8;Saída de leito carroçável;0,7;0,7;0,9;0,2;0,1;46;0,483870968;;
497,2;0,8;Saída de leito carroçável;0,9;0,8;0,8;0,2;0,1;32;0,333333333;;
620,5;0,8;Colisão;0,9;0,8;0,8;0,2;0,1;32;0,333333333;;
665,9;0,8;Capotamento;0,9;0,8;0,9;0,2;0,1;32;0,333333333;;
489;0,9;Colisão;0,7;0,6;0,8;0,2;0,1;42;0,440860215;;
525;0,8;Colisão;0,9;0,5;0,7;0,2;0,1;62;0,655913978;;
620,3;0,3;Colisão;0,9;0,7;0,6;0,2;0,1;32;0,333333333;;
747,4;0,6;Colisão;0,9;0,6;0,8;0,2;0,1;40;0,419354839;;
747,4;0,6;Colisão;0,9;0,6;0,8;0,2;0,1;33;0,344086022;;
503,9;0,2;Colisão;0,9;0,8;0,9;0,2;0,1;39;0,408602151;;
636;0,9;Colisão;0,7;0,8;0,8;0,2;0,1;24;0,247311828;;
713;0,7;Saída de leito carroçável;0,9;0,8;0,3;0,2;0,1;34;0,35483871;;
570;0,9;Colisão;0,9;0,8;0,9;0,2;0,3;38;0,397849462;;
570;0,9;Colisão;0,9;0,8;0,9;0,2;0,1;46;0,483870968;;
590;0,8;Capotamento;0,9;0,7;0,8;0,2;0,3;42;0,440860215;;
597,5;0,8;Colisão;0,7;0,7;0,9;0,2;0,1;36;0,376344086;;
429;0,9;Capotamento;0,7;0,8;0,8;0,2;0,1;37;0,387096774;;
628;0,6;Colisão;0,5;0,9;0,9;0,2;0,1;44;0,462365591;;
628;0,6;Colisão;0,5;0,9;0,9;0,2;0,1;18;0,182795699;;
469,3;0,7;Capotamento;0,9;0,5;0,8;0,2;0,7;64;0,677419355;;
731;0,8;Engavetamento;0,9;0,5;0,8;0,2;0,1;42;0,440860215;;
731;0,8;Engavetamento;0,9;0,5;0,8;0,2;0,1;50;0,52688172;;
731;0,8;Engavetamento;0,9;0,5;0,8;0,2;0,1;42;0,440860215;;
494;0,1;Saída de leito carroçável;0,9;0,5;0,8;0,2;0,3;46;0,483870968;;
504;0,4;Capotamento;0,7;0,8;0,8;0,2;0,1;39;0,408602151;;
548;0,8;Colisão;0,7;0,8;0,8;0,2;0,1;30;0,311827957;;
548;0,8;Colisão;0,7;0,8;0,8;0,2;0,1;54;0,569892473;;
548;0,8;Colisão;0,7;0,8;0,8;0,2;0,1;60;0,634408602;;
548;0,8;Colisão;0,7;0,8;0,8;0,2;0,1;61;0,64516129;;
487;0,2;Saída de leito carroçável;0,7;0,8;0,8;0,2;0,3;26;0,268817204;;
448,5;0,8;Colisão;0,9;0,8;0,9;0,2;0,1;47;0,494623656;;
750;0,9;Engavetamento;0,5;0,8;0,8;0,2;0,3;43;0,451612903;;
750;0,9;Engavetamento;0,5;0,8;0,8;0,2;0,7;39;0,408602151;;
750;0,9;Engavetamento;0,5;0,8;0,8;0,2;0,7;33;0,344086022;;
750;0,9;Engavetamento;0,5;0,8;0,8;0,2;0,7;47;0,494623656;;
700,3;0,9;Colisão;0,9;0,8;0,8;0,2;0,3;30;0,311827957;;
700,3;0,9;Colisão;0,9;0,8;0,8;0,2;0,1;48;0,505376344;;
527;0,9;Colisão;0,9;0,5;0,8;0,2;0,1;49;0,516129032;;
527;0,9;Colisão;0,9;0,5;0,8;0,2;0,1;38;0,397849462;;
686,5;0,7;Colisão;0,9;0,8;0,9;0,2;0,1;40;0,419354839;;
623;0,8;Colisão;0,9;0,5;0,9;0,2;0,1;39;0,408602151;;
693;0,5;Colisão;0,9;0,9;0,8;0,2;0,1;62;0,655913978;;
693;0,5;Colisão;0,9;0,9;0,8;0,2;0,1;59;0,623655914;;
727;0,4;Colisão;0,7;0,8;0,8;0,2;0,1;56;0,591397849;;
502,3;0,9;Colisão;0,9;0,5;0,8;0,2;0,1;43;0,451612903;;
598,9;0,7;Colisão;0,7;0,7;0,8;0,2;0,3;68;0,720430108;;
598,9;0,7;Colisão;0,7;0,7;0,8;0,2;0,3;57;0,602150538;;
629;0,6;Colisão;0,5;0,9;0,7;0,2;0,1;40;0,419354839;;
688;0,5;Saída de leito carroçável;0,7;0,8;0,6;0,2;0,1;41;0,430107527;;
672;0,8;Colisão;0,3;0,8;0,9;0,2;0,1;44;0,462365591;;
622,5;0,8;Colisão;0,9;0,8;0,8;0,2;0,1;24;0,247311828;;
488,5;0,9;Saída de leito carroçável;0,9;0,8;0,8;0,2;0,1;27;0,279569892;;
515,8;0,9;Saída de leito carroçável;0,9;0,8;0,8;0,2;0,1;29;0,301075269;;
621;0,9;Colisão;0,9;0,8;0,6;0,2;0,1;34;0,35483871;;
695;0,8;Atropelamento;0,9;0,7;0,8;0,2;0,1;43;0,451612903;;
631,8;0,3;Saída de leito carroçável;0,7;0,9;0,8;0,2;0,1;37;0,387096774;;
612,9;0,8;Colisão;0,9;0,8;0,8;0,2;0,1;35;0,365591398;;
628;0,9;Capotamento;0,9;0,8;0,9;0,2;0,3;26;0,268817204;;
613;0,8;Colisão;0,5;0,5;0,8;0,2;0,1;47;0,494623656;;
471;0,8;Colisão;0,3;0,8;0,7;0,2;0,1;29;0,301075269;;
475,5;0,9;Colisão;0,9;0,7;0,8;0,2;0,1;49;0,516129032;;
634;0,9;Colisão;0,7;0,3;0,8;0,2;0,1;37;0,387096774;;
698;0,8;Capotamento;0,9;0,8;0,9;0,2;0,7;33;0,344086022;;
505;0,9;Colisão;0,7;0,8;0,8;0,2;0,1;49;0,516129032;;
646;0,7;Capotamento;0,7;0,8;0,9;0,2;0,1;42;0,440860215;;
627;0,8;Colisão;0,9;0,9;0,8;0,2;0,1;49;0,516129032;;
637;0,8;Colisão;0,5;0,9;0,8;0,2;0,1;27;0,279569892;;
637;0,8;Colisão;0,5;0,9;0,8;0,2;0,1;39;0,408602151;;
486;0,8;Capotamento;0,9;0,8;0,8;0,2;0,1;50;0,52688172;;
625,4;0,8;Colisão;0,9;0,8;0,8;0,2;0,1;53;0,559139785;;
700;0,5;Capotamento;0,7;0,8;0,8;0,2;0,1;47;0,494623656;;
717,6;0,9;Derramamento de carga;0,9;0,8;0,8;0,2;0,1;46;0,483870968;;
623,5;0,8;Colisão;0,9;0,8;0,6;0,2;0,1;34;0,35483871;;
637,1;0,8;Colisão;0,5;0,7;0,8;0,2;0,1;41;0,430107527;;
481,6;0,8;Saída de leito carroçável;0,9;0,8;0,9;0,2;0,1;25;0,258064516;;
476,9;0,3;Colisão;0,9;0,8;0,6;0,2;0,1;53;0,559139785;;
752,8;0,3;Atropelamento;0,9;0,8;0,4;0,2;0,1;54;0,569892473;;
626,5;0,2;Colisão;0,9;0,8;0,8;0,2;0,1;47;0,494623656;;
461,3;0,8;Colisão;0,7;0,8;0,5;0,2;0,1;57;0,602150538;;
634;0,8;Colisão;0,7;0,8;0,8;0,2;0,3;51;0,537634409;;
669;0,7;Derramamento de carga;0,7;0,8;0,8;0,2;0,1;45;0,47311828;;
660,8;0,4;Saída de leito carroçável;0,7;0,8;0,8;0,2;0,1;23;0,23655914;;
708;0,8;Colisão;0,7;0,8;0,8;0,2;0,1;60;0,634408602;;
708;0,8;Colisão;0,7;0,8;0,8;0,2;0,1;39;0,408602151;;
688,3;0,2;Derramamento de carga;0,9;0,5;0,9;0,2;0,1;52;0,548387097;;
446,1;0,8;Capotamento;0,7;0,7;0,8;0,2;0,3;39;0,408602151;;
730;0,7;Saída de leito carroçável;0,9;0,8;0,9;0,2;0,1;41;0,430107527;;
513;0,8;Colisão;0,7;0,8;0,9;0,2;0,1;24;0,247311828;;
513;0,8;Colisão;0,7;0,8;0,9;0,2;0,1;60;0,634408602;;
574;0,9;Capotamento;0,7;0,8;0,8;0,2;0,7;59;0,623655914;;
574;0,9;Capotamento;0,7;0,8;0,8;0,2;0,7;63;0,666666667;;
653;0,3;Saída de leito carroçável;0,9;0,4;0,8;0,2;0,3;68;0,720430108;;
653;0,3;Saída de leito carroçável;0,9;0,4;0,8;0,2;0,1;56;0,591397849;;
749;0,8;Capotamento;0,7;0,8;0,8;0,2;0,1;52;0,548387097;;
436;0,8;Colisão;0,9;0,8;0,8;0,2;0,1;30;0,311827957;;
546;0,9;Colisão;0,7;0,8;0,8;0,2;0,1;53;0,559139785;;
546;0,9;Colisão;0,7;0,8;0,8;0,2;0,1;33;0,344086022;;
613;0,9;Colisão;0,9;0,8;0,8;0,2;0,1;29;0,301075269;;
432;0,2;Capotamento;0,7;0,8;0,8;0,2;0,1;57;0,602150538;;
613;0,9;Colisão;0,9;0,8;0,8;0,2;0,1;46;0,483870968;;
578;0,2;Saída de leito carroçável;0,9;0,8;0,8;0,2;0,3;38;0,397849462;;
620;0,6;Capotamento;0,9;0,8;0,6;0,2;0,1;41;0,430107527;;
620;0,8;Engavetamento;0,9;0,8;0,8;0,2;0,1;31;0,322580645;;
620;0,8;Engavetamento;0,9;0,8;0,8;0,2;0,1;42;0,440860215;;
571;0,8;Colisão;0,7;0,8;0,8;0,2;0,1;67;0,709677419;;
516;0,9;Engavetamento;0,9;0,8;0,8;0,2;0,1;36;0,376344086;;
489,8;0,8;Saída de leito carroçável;0,9;0,8;0,8;0,2;0,3;58;0,612903226;;
689;0,8;Colisão;0,7;0,8;0,8;0,2;0,3;29;0,301075269;;
689;0,8;Colisão;0,7;0,8;0,8;0,2;0,1;31;0,322580645;;
702;0,7;Capotamento;0,7;0,8;0,8;0,2;0,1;59;0,623655914;;
664;0,3;Incêndio;0,9;0,8;0,8;0,2;0,1;58;0,612903226;;
620;0,8;Colisão;0,9;0,5;0,8;0,2;0,1;37;0,387096774;;
454,5;0,8;Saída de leito carroçável;0,5;0,8;0,8;0,2;0,1;32;0,333333333;;
636;0,9;Colisão;0,9;0,8;0,8;0,2;0,1;44;0,462365591;;
590;0,9;Saída de leito carroçável;0,5;0,8;0,8;0,2;0,1;56;0,591397849;;
638,2;0,8;Colisão;0,9;0,8;0,8;0,2;0,1;27;0,279569892;;
494;0,9;Colisão;0,9;0,8;0,8;0,2;0,1;38;0,397849462;;
494;0,9;Colisão;0,9;0,8;0,8;0,2;0,1;39;0,408602151;;
623;0,9;Colisão;0,9;0,8;0,8;0,2;0,1;45;0,47311828;;
493,5;0,9;Colisão;0,9;0,5;0,8;0,2;0,1;40;0,419354839;;
493,5;0,9;Colisão;0,9;0,5;0,8;0,2;0,1;38;0,397849462;;
493,5;0,9;Colisão;0,9;0,5;0,8;0,2;0,1;44;0,462365591;;
493,5;0,9;Colisão;0,9;0,5;0,8;0,2;0,7;55;0,580645161;;
493,5;0,9;Colisão;0,9;0,5;0,8;0,2;0,1;52;0,548387097;;
629,3;0,6;Saída de leito carroçável;0,9;0,9;0,8;0,2;0,3;38;0,397849462;;
432,6;0,8;Saída de leito carroçável;0,7;0,6;0,7;0,2;0,1;34;0,35483871;;
634;0,8;Colisão;0,7;0,7;0,8;0,2;0,1;52;0,548387097;;
634;0,8;Colisão;0,7;0,7;0,8;0,2;0,1;44;0,462365591;;
440,8;0,9;Colisão;0,5;0,8;0,9;0,2;0,1;42;0,440860215;;
635,8;0,4;Capotamento;0,5;0,8;0,8;0,2;0,1;43;0,451612903;;
462,6;0,1;Colisão;0,9;0,8;0,8;0,2;0,1;50;0,52688172;;
639;0,9;Colisão;0,9;0,5;0,8;0,2;0,1;55;0,580645161;;
462;0,8;Colisão;0,9;0,5;0,8;0,2;0,1;46;0,483870968;;
624,9;0,9;Colisão;0,9;0,8;0,9;0,2;0,7;36;0,376344086;;
720,8;0,7;Colisão;0,7;0,8;0,8;0,2;0,3;36;0,376344086;;
636;0,8;Colisão;0,7;0,3;0,4;0,2;0,1;33;0,344086022;;
726,2;0,7;Incêndio;0,3;0,8;0,8;0,2;0,1;37;0,387096774;;
627;0,8;Colisão;0,3;0,8;0,9;0,2;0,1;30;0,311827957;;
565;0,9;Colisão;0,7;0,9;0,8;0,2;0,1;36;0,376344086;;
643,1;0,8;Capotamento;0,9;0,5;0,8;0,2;0,3;39;0,408602151;;
621;0,6;Colisão;0,9;0,9;0,8;0,2;0,3;24;0,247311828;;
446;0,8;Capotamento;0,5;0,8;0,8;0,2;0,3;48;0,505376344;;
623,1;0,8;Saída de leito carroçável;0,9;0,8;0,7;0,2;0,1;45;0,47311828;;
745,5;0,8;Colisão;0,5;0,7;0,8;0,2;0,1;47;0,494623656;;
492;0,9;Colisão;0,9;0,5;0,8;0,2;0,1;39;0,408602151;;
492;0,9;Colisão;0,9;0,5;0,8;0,2;0,1;52;0,548387097;;
610;0,9;Capotamento;0,3;0,8;0,9;0,2;0,1;38;0,397849462;;
679,4;0,9;Saída de leito carroçável;0,7;0,8;0,8;0,2;0,3;45;0,47311828;;
474,6;0,8;Atropelamento;0,9;0,8;0,8;0,2;0,9;35;0,365591398;;
474,6;0,8;Atropelamento;0,9;0,8;0,8;0,2;0,1;27;0,279569892;;
663;0,9;Colisão;0,5;0,7;0,8;0,2;0,1;39;0,408602151;;
619;0,9;Engavetamento;0,9;0,7;0,8;0,2;0,1;31;0,322580645;;
619;0,9;Engavetamento;0,9;0,7;0,8;0,2;0,1;35;0,365591398;;
619;0,9;Engavetamento;0,9;0,7;0,8;0,2;0,3;36;0,376344086;;
709;0,8;Capotamento;0,7;0,7;0,5;0,2;0,1;47;0,494623656;;
709;0,8;Capotamento;0,7;0,7;0,5;0,2;0,1;58;0,612903226;;
709;0,8;Capotamento;0,7;0,7;0,5;0,2;0,1;17;0,172043011;;
709;0,8;Capotamento;0,7;0,7;0,5;0,2;0,1;49;0,516129032;;
709;0,8;Capotamento;0,7;0,7;0,5;0,2;0,1;34;0,35483871;;
709;0,8;Capotamento;0,7;0,7;0,5;0,2;0,1;36;0,376344086;;
709;0,8;Capotamento;0,7;0,7;0,5;0,2;0,1;34;0,35483871;;
492;0,8;Capotamento;0,9;0,8;0,8;0,2;0,3;41;0,430107527;;
578;0,8;Colisão;0,9;0,7;0,7;0,2;0,1;32;0,333333333;;
618;0,8;Colisão;0,9;0,5;0,8;0,2;0,1;16;0,161290323;;
618;0,8;Colisão;0,9;0,5;0,8;0,2;0,1;49;0,516129032;;
691;0,5;Capotamento;0,9;0,7;0,6;0,2;0,1;27;0,279569892;;
621;0,7;Colisão;0,7;0,8;0,9;0,2;0,1;66;0,698924731;;
471;0,5;Capotamento;0,5;0,6;0,5;0,2;0,1;29;0,301075269;;
432,2;0,9;Colisão;0,7;0,6;0,7;0,2;0,1;45;0,47311828;;
462;0,4;Colisão;0,5;0,7;0,8;0,2;0,1;30;0,311827957;;
462;0,4;Colisão;0,5;0,7;0,8;0,2;0,1;38;0,397849462;;
426;0,8;Colisão;0,9;0,7;0,8;0,2;0,1;63;0,666666667;;
554;0,8;Capotamento;0,7;0,7;0,8;0,2;0,3;32;0,333333333;;
601;0,9;Saída de leito carroçável;0,5;0,8;0,8;0,2;0,1;53;0,559139785;;
638;0,4;Colisão;0,7;0,9;0,8;0,2;0,1;36;0,376344086;;
463;0,8;Colisão;0,9;0,5;0,8;0,2;0,1;23;0,23655914;;
630;0,2;Danos eventuais;0,9;0,8;0,8;0,2;0,1;61;0,64516129;;
428;0,8;Colisão;0,7;0,8;0,3;0,2;0,1;35;0,365591398;;
612,3;0,8;Queda de ocupante de veículo;0,7;0,6;0,8;0,2;0,1;50;0,52688172;;
612;0,8;Colisão;0,7;0,7;0,8;0,2;0,1;42;0,440860215;;
608;0,8;Colisão;0,9;0,5;0,2;0,5;0,1;48;0,505376344;;
619;0,8;Colisão;0,9;0,8;0,8;0,7;0,3;23;0,23655914;;
628,9;0,7;Incêndio;0,7;0,8;0,9;0,7;0,1;37;0,387096774;;
629;0,9;Engavetamento;0,9;0,8;0,8;0,7;0,1;58;0,612903226;;
629;0,9;Engavetamento;0,9;0,8;0,8;0,7;0,1;50;0,52688172;;
629;0,9;Engavetamento;0,9;0,8;0,8;0,7;0,1;29;0,301075269;;
448,3;0,8;Colisão;0,9;0,5;0,8;0,7;0,1;42;0,440860215;;
583,4;0,8;Colisão;0,9;0,9;0,8;0,7;0,1;41;0,430107527;;
524,7;0,9;Colisão;0,7;0,8;0,8;0,7;0,3;57;0,602150538;;
524,7;0,9;Colisão;0,7;0,8;0,8;0,7;0,1;13;0,129032258;;
524,7;0,9;Colisão;0,7;0,8;0,8;0,7;0,1;45;0,47311828;;
524,7;0,9;Colisão;0,7;0,8;0,8;0,7;0,1;1;0;;
524,7;0,9;Colisão;0,7;0,8;0,8;0,7;0,3;12;0,11827957;;
524,7;0,9;Colisão;0,7;0,8;0,8;0,7;0,3;33;0,344086022;;
713;0,8;Saída de leito carroçável;0,9;0,9;0,8;0,7;0,1;39;0,408602151;;
614,5;0,8;Colisão;0,9;0,8;0,8;0,9;0,3;22;0,225806452;;
614,5;0,8;Colisão;0,9;0,8;0,8;0,9;0,7;20;0,204301075;;
625;0,9;Colisão;0,9;0,7;0,7;0,7;0,1;45;0,47311828;;
625;0,9;Colisão;0,9;0,7;0,7;0,9;0,3;28;0,290322581;;
432;0,7;Saída de leito carroçável;0,9;0,7;0,8;0,5;0,1;35;0,365591398;;
432;0,7;Saída de leito carroçável;0,9;0,7;0,8;0,5;0,1;9;0,086021505;;
432;0,7;Saída de leito carroçável;0,9;0,7;0,8;0,5;0,3;34;0,35483871;;
432;0,7;Saída de leito carroçável;0,9;0,7;0,8;0,5;0,3;56;0,591397849;;
432;0,7;Saída de leito carroçável;0,9;0,7;0,8;0,5;0,1;65;0,688172043;;
432;0,7;Saída de leito carroçável;0,9;0,7;0,8;0,5;0,1;27;0,279569892;;
432;0,7;Saída de leito carroçável;0,9;0,7;0,8;0,5;0,3;19;0,193548387;;
432;0,7;Saída de leito carroçável;0,9;0,7;0,8;0,5;0,3;24;0,247311828;;
432;0,7;Saída de leito carroçável;0,9;0,7;0,8;0,5;0,3;9;0,086021505;;
432;0,7;Saída de leito carroçável;0,9;0,7;0,8;0,5;0,3;12;0,11827957;;
432;0,7;Saída de leito carroçável;0,9;0,7;0,8;0,5;0,1;14;0,139784946;;
432;0,7;Saída de leito carroçável;0,9;0,7;0,8;0,5;0,1;54;0,569892473;;
432;0,7;Saída de leito carroçável;0,9;0,7;0,8;0,5;0,1;21;0,215053763;;
481,5;0,7;Colisão;0,5;0,8;0,9;0,7;0,3;17;0,172043011;;
481,5;0,7;Colisão;0,5;0,8;0,9;0,7;0,3;35;0,365591398;;
481,5;0,7;Colisão;0,5;0,8;0,9;0,7;0,3;1;0;;
481,5;0,7;Colisão;0,5;0,8;0,9;0,7;0,3;39;0,408602151;;
457,5;0,8;Saída de leito carroçável;0,9;0,8;0,8;0,7;0,3;50;0,52688172;;
457,5;0,8;Saída de leito carroçável;0,9;0,8;0,8;0,7;0,3;13;0,129032258;;
628,9;0,6;Capotamento;0,9;0,9;0,9;0,7;0,3;21;0,215053763;;
628,9;0,6;Capotamento;0,9;0,9;0,9;0,7;0,3;29;0,301075269;;
612;0,6;Atropelamento;0,3;0,9;0,8;0,7;0,1;40;0,419354839;;
634,3;0,8;Colisão;0,7;0,7;0,8;0,7;0,1;30;0,311827957;;
634,3;0,8;Colisão;0,7;0,7;0,8;0,7;0,1;32;0,333333333;;
634,3;0,8;Colisão;0,7;0,7;0,8;0,7;0,1;42;0,440860215;;
592;0,9;Capotamento;0,7;0,7;0,8;0,7;0,3;37;0,387096774;;
592;0,9;Capotamento;0,7;0,7;0,8;0,7;0,3;35;0,365591398;;
631,9;0,9;Capotamento;0,7;0,8;0,9;0,7;0,3;27;0,279569892;;
626;0,8;Colisão;0,9;0,8;0,8;0,9;0,3;25;0,258064516;;
626;0,8;Colisão;0,9;0,8;0,8;0,9;0,3;28;0,290322581;;
626;0,8;Colisão;0,9;0,8;0,8;0,7;0,1;24;0,247311828;;
627,1;0,8;Colisão;0,9;0,8;0,8;0,9;0,3;32;0,333333333;;
625,3;0,8;Colisão;0,9;0,8;0,9;0,7;0,1;26;0,268817204;;
625;0,5;Queda de ocupante de veículo;0,7;0,7;0,8;0,9;0,3;22;0,225806452;;
630;0,9;Colisão;0,7;0,7;0,8;0,7;0,1;30;0,311827957;;
630;0,9;Colisão;0,7;0,7;0,8;0,7;0,1;30;0,311827957;;
630;0,9;Colisão;0,7;0,7;0,8;0,7;0,1;52;0,548387097;;
614;0,9;Colisão;0,9;0,7;0,8;0,9;0,3;42;0,440860215;;
614;0,9;Colisão;0,9;0,7;0,8;0,9;0,3;19;0,193548387;;
649,9;0,9;Capotamento;0,9;0,9;0,8;0,7;0,1;6;0,053763441;;
649,9;0,9;Capotamento;0,9;0,9;0,8;0,7;0,3;16;0,161290323;;
649,9;0,9;Capotamento;0,9;0,9;0,8;0,7;0,3;45;0,47311828;;
649,9;0,9;Capotamento;0,9;0,9;0,8;0,7;0,3;46;0,483870968;;
628;0,9;Colisão;0,9;0,6;0,4;0,7;0,1;49;0,516129032;;
628;0,9;Colisão;0,9;0,6;0,4;0,7;0,1;28;0,290322581;;
476;0,9;Saída de leito carroçável;0,7;0,6;0,6;0,7;0,1;26;0,268817204;;
476;0,9;Saída de leito carroçável;0,7;0,6;0,6;0,7;0,1;22;0,225806452;;
476;0,9;Saída de leito carroçável;0,7;0,6;0,6;0,7;0,1;22;0,225806452;;
476;0,9;Saída de leito carroçável;0,7;0,6;0,6;0,7;0,1;27;0,279569892;;
476;0,9;Saída de leito carroçável;0,7;0,6;0,6;0,7;0,1;20;0,204301075;;
488,2;0,9;Saída de leito carroçável;0,7;0,8;0,9;0,7;0,1;55;0,580645161;;
488,2;0,9;Saída de leito carroçável;0,7;0,8;0,9;0,7;0,3;54;0,569892473;;
631;0,8;Colisão;0,9;0,9;0,4;0,7;0,1;38;0,397849462;;
631;0,8;Colisão;0,9;0,9;0,4;0,7;0,1;34;0,35483871;;
631;0,8;Colisão;0,9;0,9;0,4;0,7;0,3;9;0,086021505;;
631;0,8;Colisão;0,9;0,9;0,4;0,7;0,3;2;0,010752688;;
631;0,8;Colisão;0,9;0,9;0,4;0,7;0,3;49;0,516129032;;
621,5;0,7;Incêndio;0,9;0,7;0,6;0,7;0,1;45;0,47311828;;
622;0,9;Colisão;0,9;0,8;0,8;0,7;0,1;30;0,311827957;;
622;0,9;Colisão;0,9;0,8;0,8;0,9;0,3;32;0,333333333;;
632;0,9;Saída de leito carroçável;0,7;0,8;0,8;0,7;0,1;54;0,569892473;;
595;0,9;Colisão;0,5;0,8;0,8;0,7;0,7;65;0,688172043;;
595;0,9;Colisão;0,5;0,8;0,8;0,7;0,7;67;0,709677419;;
595;0,9;Colisão;0,5;0,8;0,8;0,7;0,7;48;0,505376344;;
595;0,9;Colisão;0,5;0,8;0,8;0,7;0,3;60;0,634408602;;
745;0,6;Capotamento;0,9;0,9;0,8;0,7;0,1;53;0,559139785;;
619;0,9;Colisão;0,9;0,8;0,8;0,7;0,3;30;0,311827957;;
619;0,9;Colisão;0,9;0,8;0,8;0,7;0,1;32;0,333333333;;
619;0,9;Colisão;0,9;0,8;0,8;0,7;0,1;23;0,23655914;;
619;0,9;Colisão;0,9;0,8;0,8;0,7;0,1;25;0,258064516;;
625,8;0,8;Capotamento;0,9;0,8;0,8;0,9;0,3;77;0,817204301;;
517,4;0,8;Colisão;0,9;0,8;0,8;0,9;0,9;36;0,376344086;;
517,4;0,8;Colisão;0,9;0,8;0,8;0,7;0,1;47;0,494623656;;
517,4;0,8;Colisão;0,9;0,8;0,8;0,7;0,1;34;0,35483871;;
517,4;0,8;Colisão;0,9;0,8;0,8;0,7;0,1;36;0,376344086;;
517,4;0,8;Colisão;0,9;0,8;0,8;0,7;0,1;13;0,129032258;;
614,5;0,8;Colisão;0,9;0,5;0,8;0,7;0,1;65;0,688172043;;
614,5;0,8;Colisão;0,9;0,5;0,8;0,7;0,3;48;0,505376344;;
639;0,1;Colisão;0,9;0,5;0,8;0,7;0,7;69;0,731182796;;
619,5;0,9;Colisão;0,9;0,8;0,8;0,9;0,7;51;0,537634409;;
619,5;0,9;Colisão;0,9;0,8;0,8;0,9;0,7;17;0,172043011;;
621;0,9;Colisão;0,9;0,8;0,8;0,9;0,7;23;0,23655914;;
628;0,6;Capotamento;0,9;0,7;0,7;0,7;0,1;31;0,322580645;;
741;0,7;Saída de leito carroçável;0,9;0,9;0,8;0,7;0,1;30;0,311827957;;
741;0,7;Saída de leito carroçável;0,9;0,9;0,8;0,7;0,3;34;0,35483871;;
432;0,8;Capotamento;0,9;0,8;0,8;0,7;0,3;48;0,505376344;;
432;0,8;Capotamento;0,9;0,8;0,8;0,7;0,1;26;0,268817204;;
619,3;0,8;Colisão;0,9;0,8;0,8;0,7;0,3;79;0,838709677;;
619,9;0,9;Colisão;0,9;0,8;0,8;0,7;0,1;42;0,440860215;;
619,9;0,9;Colisão;0,9;0,8;0,8;0,7;0,1;27;0,279569892;;
619,9;0,9;Colisão;0,9;0,8;0,8;0,7;0,1;51;0,537634409;;
619,9;0,9;Colisão;0,9;0,8;0,8;0,7;0,1;41;0,430107527;;
627,7;0,8;Colisão;0,9;0,8;0,8;0,9;0,3;23;0,23655914;;
627,7;0,8;Colisão;0,9;0,8;0,8;0,9;0,7;22;0,225806452;;
613,5;0,9;Colisão;0,9;0,7;0,8;0,9;0,3;52;0,548387097;;
614;0,9;Colisão;0,9;0,8;0,8;0,9;0,3;44;0,462365591;;
614;0,9;Colisão;0,9;0,8;0,8;0,9;0,3;39;0,408602151;;
614;0,9;Colisão;0,9;0,8;0,8;0,7;0,1;64;0,677419355;;
421,5;0,7;Saída de leito carroçável;0,9;0,7;0,8;0,7;0,1;24;0,247311828;;
421,5;0,7;Saída de leito carroçável;0,9;0,7;0,8;0,7;0,1;22;0,225806452;;
421,5;0,7;Saída de leito carroçável;0,9;0,7;0,8;0,7;0,1;29;0,301075269;;
421,5;0,7;Saída de leito carroçável;0,9;0,7;0,8;0,7;0,1;32;0,333333333;;
421,5;0,7;Saída de leito carroçável;0,9;0,7;0,8;0,7;0,1;81;0,860215054;;
421,5;0,7;Saída de leito carroçável;0,9;0,7;0,8;0,7;0,1;26;0,268817204;;
523;0,8;Colisão;0,9;0,8;0,8;0,5;0,1;57;0,602150538;;
523;0,8;Colisão;0,9;0,8;0,8;0,9;0,3;29;0,301075269;;
533;0,8;Colisão;0,9;0,8;0,9;0,7;0,3;47;0,494623656;;
533;0,8;Colisão;0,9;0,8;0,9;0,7;0,3;42;0,440860215;;
729,2;0,3;Saída de leito carroçável;0,9;0,8;0,8;0,7;0,1;54;0,569892473;;
595,5;0,4;Saída de leito carroçável;0,7;0,7;0,8;0,7;0,3;39;0,408602151;;
606,5;0,9;Colisão;0,9;0,8;0,8;0,7;0,1;29;0,301075269;;
606,5;0,9;Colisão;0,9;0,8;0,8;0,7;0,3;30;0,311827957;;
606,5;0,9;Colisão;0,9;0,8;0,8;0,7;0,1;38;0,397849462;;
483;0,9;Saída de leito carroçável;0,9;0,5;0,9;0,7;0,1;32;0,333333333;;
511,9;0,9;Colisão;0,7;0,8;0,8;0,5;0,1;29;0,301075269;;
511,9;0,9;Colisão;0,7;0,8;0,8;0,7;0,1;31;0,322580645;;
603;0,3;Queda de ocupante de veículo;0,7;0,8;0,9;0,9;0,3;51;0,537634409;;
620,5;0,8;Colisão;0,9;0,8;0,8;0,7;0,1;59;0,623655914;;
650;0,8;Saída de leito carroçável;0,7;0,9;0,9;0,7;0,1;53;0,559139785;;
656,1;0,8;Colisão;0,7;0,6;0,6;0,7;0,1;35;0,365591398;;
656,1;0,8;Colisão;0,7;0,6;0,6;0,7;0,3;46;0,483870968;;
699;0,4;Saída de leito carroçável;0,9;0,8;0,8;0,7;0,3;23;0,23655914;;
489;0,9;Colisão;0,7;0,6;0,8;0,7;0,1;62;0,655913978;;
489;0,9;Colisão;0,7;0,6;0,8;0,7;0,3;70;0,741935484;;
489;0,9;Colisão;0,7;0,6;0,8;0,7;0,1;1;0;;
489;0,9;Colisão;0,7;0,6;0,8;0,7;0,3;34;0,35483871;;
667,5;0,9;Capotamento;0,9;0,9;0,8;0,7;0,1;58;0,612903226;;
667,5;0,9;Capotamento;0,9;0,9;0,8;0,7;0,3;68;0,720430108;;
646;0,9;Capotamento;0,9;0,9;0,9;0,7;0,3;31;0,322580645;;
463;0,3;Saída de leito carroçável;0,3;0,8;0,8;0,7;0,3;52;0,548387097;;
622;0,8;Queda de ocupante de veículo;0,7;0,7;0,9;0,9;0,1;37;0,387096774;;
525;0,8;Colisão;0,9;0,5;0,7;0,7;0,1;39;0,408602151;;
620,3;0,3;Colisão;0,9;0,7;0,6;0,7;0,1;31;0,322580645;;
622;0,6;Capotamento;0,7;0,9;0,9;0,7;0,1;48;0,505376344;;
629;0,3;Atropelamento;0,7;0,8;0,9;0,7;0,1;69;0,731182796;;
629;0,3;Atropelamento;0,7;0,8;0,9;0,7;0,7;94;1;;
629;0,3;Atropelamento;0,7;0,8;0,9;0,7;0,3;66;0,698924731;;
747,4;0,6;Colisão;0,9;0,6;0,8;0,7;0,3;30;0,311827957;;
468;0,9;Colisão;0,3;0,8;0,9;0,9;0,3;34;0,35483871;;
468;0,9;Colisão;0,3;0,8;0,9;0,5;0,1;29;0,301075269;;
503,9;0,2;Colisão;0,9;0,8;0,9;0,7;0,1;59;0,623655914;;
614;0,7;Colisão;0,9;0,8;0,9;0,9;0,7;40;0,419354839;;
614;0,7;Colisão;0,9;0,8;0,9;0,7;0,1;31;0,322580645;;
570;0,9;Colisão;0,9;0,8;0,9;0,7;0,3;38;0,397849462;;
570;0,9;Colisão;0,9;0,8;0,9;0,7;0,3;43;0,451612903;;
627,5;0,8;Colisão;0,9;0,8;0,9;0,9;0,3;28;0,290322581;;
627,5;0,8;Colisão;0,9;0,8;0,9;0,7;0,1;24;0,247311828;;
688;0,8;Saída de leito carroçável;0,9;0,8;0,8;0,7;0,3;50;0,52688172;;
677;0,3;Atropelamento;0,9;0,8;0,8;0,7;0,1;48;0,505376344;;
597,5;0,8;Colisão;0,7;0,7;0,9;0,7;0,1;69;0,731182796;;
597,5;0,8;Colisão;0,7;0,7;0,9;0,7;0,3;68;0,720430108;;
597,5;0,8;Colisão;0,7;0,7;0,9;0,7;0,1;35;0,365591398;;
597,5;0,8;Colisão;0,7;0,7;0,9;0,7;0,3;35;0,365591398;;
626;0,8;Atropelamento;0,7;0,7;0,8;0,7;0,1;45;0,47311828;;
429;0,9;Capotamento;0,7;0,8;0,8;0,7;0,3;23;0,23655914;;
429;0,9;Capotamento;0,7;0,8;0,8;0,7;0,1;3;0,021505376;;
429;0,9;Capotamento;0,7;0,8;0,8;0,7;0,7;56;0,591397849;;
429;0,9;Capotamento;0,7;0,8;0,8;0,7;0,1;53;0,559139785;;
429;0,9;Capotamento;0,7;0,8;0,8;0,7;0,1;21;0,215053763;;
429;0,9;Capotamento;0,7;0,8;0,8;0,7;0,3;28;0,290322581;;
429;0,9;Capotamento;0,7;0,8;0,8;0,7;0,1;79;0,838709677;;
429;0,9;Capotamento;0,7;0,8;0,8;0,7;0,3;51;0,537634409;;
614,3;0,8;Colisão;0,9;0,8;0,8;0,9;0,7;44;0,462365591;;
614,3;0,8;Colisão;0,9;0,8;0,8;0,7;0,1;27;0,279569892;;
614,3;0,8;Colisão;0,9;0,8;0,8;0,7;0,1;51;0,537634409;;
469,3;0,7;Capotamento;0,9;0,5;0,8;0,9;0,3;46;0,483870968;;
469,3;0,7;Capotamento;0,9;0,5;0,8;0,7;0,9;40;0,419354839;;
731;0,8;Engavetamento;0,9;0,5;0,8;0,7;0,1;39;0,408602151;;
731;0,8;Engavetamento;0,9;0,5;0,8;0,7;0,3;64;0,677419355;;
622;0,8;Colisão;0,9;0,8;0,8;0,9;0,3;28;0,290322581;;
622;0,8;Colisão;0,9;0,8;0,8;0,7;0,1;44;0,462365591;;
626;0,9;Colisão;0,9;0,8;0,8;0,9;0,7;22;0,225806452;;
626;0,9;Colisão;0,9;0,8;0,8;0,9;0,3;40;0,419354839;;
742,2;0,7;Capotamento;0,9;0,7;0,8;0,7;0,3;34;0,35483871;;
742,2;0,7;Capotamento;0,9;0,7;0,8;0,7;0,3;69;0,731182796;;
548;0,8;Colisão;0,7;0,8;0,8;0,7;0,1;53;0,559139785;;
708,2;0,8;Capotamento;0,9;0,8;0,8;0,7;0,1;48;0,505376344;;
708,2;0,8;Capotamento;0,9;0,8;0,8;0,7;0,1;17;0,172043011;;
620,2;0,9;Colisão;0,9;0,7;0,8;0,9;0,3;42;0,440860215;;
620,2;0,9;Colisão;0,9;0,7;0,8;0,7;0,1;63;0,666666667;;
593;0,9;Colisão;0,9;0,7;0,9;0,7;0,1;49;0,516129032;;
593;0,9;Colisão;0,9;0,7;0,9;0,7;0,1;28;0,290322581;;
713;0,8;Colisão;0,9;0,7;0,8;0,9;0,3;55;0,580645161;;
713;0,8;Colisão;0,9;0,7;0,8;0,7;0,1;52;0,548387097;;
476;0,9;Queda de ocupante de veículo;0,7;0,8;0,8;0,9;0,7;27;0,279569892;;
692;0,8;Colisão;0,9;0,7;0,6;0,7;0,1;38;0,397849462;;
692;0,8;Colisão;0,9;0,7;0,6;0,9;0,3;24;0,247311828;;
675,7;0,9;Saída de leito carroçável;0,9;0,9;0,9;0,7;0,3;31;0,322580645;;
625,6;0,9;Colisão;0,9;0,8;0,8;0,7;0,1;45;0,47311828;;
625,6;0,9;Colisão;0,9;0,8;0,8;0,9;0,3;26;0,268817204;;
450,5;0,8;Capotamento;0,7;0,8;0,8;0,9;0,7;28;0,290322581;;
504;0,6;Saída de leito carroçável;0,5;0,9;0,9;0,7;0,3;41;0,430107527;;
677,7;0,9;Saída de leito carroçável;0,3;0,9;0,8;0,7;0,9;1;0;;
677,7;0,9;Saída de leito carroçável;0,3;0,9;0,8;0,7;0,9;33;0,344086022;;
677,7;0,9;Saída de leito carroçável;0,3;0,9;0,8;0,7;0,3;36;0,376344086;;
432,2;0,8;Colisão;0,5;0,8;0,8;0,9;0,3;28;0,290322581;;
432,2;0,8;Colisão;0,5;0,8;0,8;0,7;0,1;29;0,301075269;;
622,5;0,8;Queda de ocupante de veículo;0,9;0,8;0,8;0,9;0,3;49;0,516129032;;
448,5;0,8;Colisão;0,9;0,8;0,9;0,7;0,3;77;0,817204301;;
429,5;0,8;Colisão;0,9;0,7;0,8;0,7;0,1;33;0,344086022;;
429,5;0,8;Colisão;0,9;0,7;0,8;0,7;0,1;26;0,268817204;;
429,5;0,8;Colisão;0,9;0,7;0,8;0,9;0,7;21;0,215053763;;
470;0,8;Colisão;0,7;0,8;0,8;0,7;0,1;53;0,559139785;;
470;0,8;Colisão;0,7;0,8;0,8;0,7;0,3;47;0,494623656;;
750;0,9;Engavetamento;0,5;0,8;0,8;0,7;0,1;37;0,387096774;;
620,5;0,9;Colisão;0,9;0,8;0,6;0,7;0,1;41;0,430107527;;
620,5;0,9;Colisão;0,9;0,8;0,6;0,7;0,3;37;0,387096774;;
637;0,7;Capotamento;0,7;0,8;0,8;0,9;0,3;29;0,301075269;;
650;0,9;Saída de leito carroçável;0,9;0,8;0,8;0,7;0,1;29;0,301075269;;
650;0,9;Saída de leito carroçável;0,9;0,8;0,8;0,7;0,1;28;0,290322581;;
652,9;0,8;Queda de ocupante de veículo;0,9;0,8;0,8;0,9;0,7;47;0,494623656;;
625,6;0,9;Colisão;0,7;0,8;0,9;0,9;0,1;23;0,23655914;;
625,6;0,9;Colisão;0,7;0,8;0,9;0,7;0,1;53;0,559139785;;
625,6;0,9;Colisão;0,7;0,8;0,9;0,7;0,1;32;0,333333333;;
620;0,8;Colisão;0,9;0,9;0,8;0,7;0,1;30;0,311827957;;
620;0,8;Colisão;0,9;0,9;0,8;0,7;0,1;28;0,290322581;;
629,7;0,8;Colisão;0,9;0,9;0,8;0,7;0,1;65;0,688172043;;
629,7;0,8;Colisão;0,9;0,9;0,8;0,7;0,1;35;0,365591398;;
735;0,9;Saída de leito carroçável;0,3;0,8;0,8;0,7;0,1;22;0,225806452;;
660;0,9;Capotamento;0,7;0,8;0,8;0,7;0,9;47;0,494623656;;
660;0,9;Capotamento;0,7;0,8;0,8;0,7;0,7;43;0,451612903;;
627,9;0,8;Colisão;0,9;0,8;0,9;0,7;0,3;26;0,268817204;;
623,9;0,9;Engavetamento;0,9;0,8;0,8;0,7;0,3;41;0,430107527;;
623,9;0,9;Engavetamento;0,9;0,8;0,8;0,7;0,1;44;0,462365591;;
623,9;0,9;Engavetamento;0,9;0,8;0,8;0,7;0,1;40;0,419354839;;
692;0,8;Colisão;0,9;0,8;0,6;0,9;0,7;28;0,290322581;;
692;0,8;Colisão;0,9;0,8;0,6;0,7;0,1;29;0,301075269;;
623;0,8;Colisão;0,9;0,5;0,9;0,7;0,3;59;0,623655914;;
623;0,8;Colisão;0,9;0,5;0,9;0,7;0,3;19;0,193548387;;
623;0,8;Colisão;0,9;0,5;0,9;0,7;0,3;14;0,139784946;;
596;0,9;Colisão;0,9;0,7;0,8;0,7;0,1;33;0,344086022;;
596;0,9;Colisão;0,9;0,7;0,8;0,7;0,1;41;0,430107527;;
596;0,9;Colisão;0,9;0,7;0,8;0,7;0,1;48;0,505376344;;
592,8;0,8;Colisão;0,7;0,7;0,5;0,7;0,3;50;0,52688172;;
592,8;0,8;Colisão;0,7;0,7;0,5;0,7;0,3;37;0,387096774;;
592,8;0,8;Colisão;0,7;0,7;0,5;0,7;0,3;36;0,376344086;;
552;0,3;Capotamento;0,7;0,8;0,8;0,7;0,3;46;0,483870968;;
589;0,3;Saída de leito carroçável;0,7;0,7;0,8;0,7;0,1;37;0,387096774;;
589;0,3;Saída de leito carroçável;0,7;0,7;0,8;0,7;0,1;60;0,634408602;;
738;0,8;Saída de leito carroçável;0,9;0,8;0,8;0,7;0,9;51;0,537634409;;
678;0,8;Saída de leito carroçável;0,3;0,8;0,8;0,7;0,7;44;0,462365591;;
727;0,4;Colisão;0,7;0,8;0,8;0,7;0,1;5;0,043010753;;
727;0,4;Colisão;0,7;0,8;0,8;0,7;0,1;34;0,35483871;;
727;0,4;Colisão;0,7;0,8;0,8;0,7;0,7;40;0,419354839;;
727;0,4;Colisão;0,7;0,8;0,8;0,7;0,3;6;0,053763441;;
713;0,8;Colisão;0,9;0,8;0,8;0,7;0,3;45;0,47311828;;
713;0,8;Colisão;0,9;0,8;0,8;0,7;0,3;59;0,623655914;;
502,3;0,9;Colisão;0,9;0,5;0,8;0,9;0,9;60;0,634408602;;
577,1;0,3;Atropelamento;0,7;0,8;0,8;0,7;0,1;38;0,397849462;;
598,9;0,7;Colisão;0,7;0,7;0,8;0,7;0,7;57;0,602150538;;
598,9;0,7;Colisão;0,7;0,7;0,8;0,7;0,7;58;0,612903226;;
598,9;0,7;Colisão;0,7;0,7;0,8;0,7;0,7;39;0,408602151;;
629;0,6;Colisão;0,5;0,9;0,7;0,5;0,1;69;0,731182796;;
629;0,6;Colisão;0,5;0,9;0,7;0,5;0,3;76;0,806451613;;
612;0,8;Colisão;0,9;0,9;0,8;0,7;0,1;54;0,569892473;;
612;0,8;Colisão;0,9;0,9;0,8;0,7;0,1;28;0,290322581;;
683;0,8;Saída de leito carroçável;0,9;0,7;0,9;0,7;0,1;27;0,279569892;;
624;0,9;Colisão;0,5;0,9;0,9;0,7;0,1;32;0,333333333;;
624;0,9;Colisão;0,5;0,9;0,9;0,9;0,1;29;0,301075269;;
672;0,8;Colisão;0,3;0,8;0,9;0,7;0,1;63;0,666666667;;
672;0,8;Colisão;0,3;0,8;0,9;0,7;0,3;52;0,548387097;;
622,5;0,8;Colisão;0,9;0,8;0,8;0,9;0,7;23;0,23655914;;
726,3;0,9;Saída de leito carroçável;0,7;0,9;0,8;0,7;0,3;36;0,376344086;;
515,8;0,9;Saída de leito carroçável;0,9;0,8;0,8;0,7;0,3;63;0,666666667;;
621;0,9;Colisão;0,9;0,8;0,6;0,9;0,3;42;0,440860215;;
688;0,8;Colisão;0,9;0,8;0,8;0,7;0,1;52;0,548387097;;
688;0,8;Colisão;0,9;0,8;0,8;0,7;0,1;23;0,23655914;;
688;0,8;Colisão;0,9;0,8;0,8;0,7;0,1;21;0,215053763;;
688;0,8;Colisão;0,9;0,8;0,8;0,7;0,1;12;0,11827957;;
688;0,8;Colisão;0,9;0,8;0,8;0,7;0,1;32;0,333333333;;
688;0,8;Colisão;0,9;0,8;0,8;0,7;0,1;27;0,279569892;;
688;0,8;Colisão;0,9;0,8;0,8;0,7;0,3;52;0,548387097;;
688;0,8;Colisão;0,9;0,8;0,8;0,7;0,1;42;0,440860215;;
661;0,8;Capotamento;0,9;0,8;0,8;0,7;0,3;29;0,301075269;;
661;0,8;Capotamento;0,9;0,8;0,8;0,7;0,3;39;0,408602151;;
612,9;0,8;Colisão;0,9;0,8;0,8;0,9;0,3;42;0,440860215;;
624;0,3;Atropelamento;0,7;0,9;0,8;0,7;0,1;41;0,430107527;;
624;0,3;Atropelamento;0,7;0,9;0,8;0,7;0,3;36;0,376344086;;
614;0,8;Capotamento;0,7;0,9;0,8;0,7;0,3;23;0,23655914;;
614;0,8;Capotamento;0,7;0,9;0,8;0,7;0,3;25;0,258064516;;
613;0,8;Colisão;0,5;0,5;0,8;0,9;0,7;25;0,258064516;;
623,6;0,8;Atropelamento;0,9;0,8;0,8;0,7;0,1;54;0,569892473;;
471;0,8;Colisão;0,3;0,8;0,7;0,7;0,3;35;0,365591398;;
475,5;0,9;Colisão;0,9;0,7;0,8;0,7;0,1;60;0,634408602;;
475,5;0,9;Colisão;0,9;0,7;0,8;0,7;0,1;35;0,365591398;;
626;0,8;Colisão;0,7;0,8;0,8;0,7;0,1;49;0,516129032;;
679,4;0,3;Atropelamento;0,7;0,8;0,8;0,7;0,3;37;0,387096774;;
679,4;0,3;Atropelamento;0,7;0,8;0,8;0,7;0,3;31;0,322580645;;
679,4;0,3;Atropelamento;0,7;0,8;0,8;0,7;0,3;14;0,139784946;;
679,4;0,3;Atropelamento;0,7;0,8;0,8;0,7;0,3;11;0,107526882;;
679,4;0,3;Atropelamento;0,7;0,8;0,8;0,7;0,3;7;0,064516129;;
627;0,3;Colisão;0,9;0,8;0,8;0,7;0,1;26;0,268817204;;
627;0,3;Colisão;0,9;0,8;0,8;0,7;0,1;45;0,47311828;;
627;0,3;Colisão;0,9;0,8;0,8;0,9;0,3;41;0,430107527;;
560;0,9;Colisão;0,9;0,8;0,8;0,7;0,9;42;0,440860215;;
560;0,9;Colisão;0,9;0,8;0,8;0,7;0,9;46;0,483870968;;
634;0,9;Colisão;0,7;0,3;0,8;0,7;0,3;24;0,247311828;;
505;0,9;Colisão;0,7;0,8;0,8;0,7;0,7;2;0,010752688;;
505;0,9;Colisão;0,7;0,8;0,8;0,7;0,7;23;0,23655914;;
505;0,9;Colisão;0,7;0,8;0,8;0,7;0,9;32;0,333333333;;
505;0,9;Colisão;0,7;0,8;0,8;0,7;0,7;4;0,032258065;;
677,2;0,8;Capotamento;0,3;0,8;0,8;0,7;0,3;66;0,698924731;;
709,8;0,8;Queda de ocupante de veículo;0,5;0,7;0,9;0,9;0,7;31;0,322580645;;
627;0,8;Colisão;0,9;0,9;0,8;0,9;0,7;37;0,387096774;;
626;0,6;Queda de ocupante de veículo;0,7;0,7;0,9;0,9;0,3;35;0,365591398;;
608;0,9;Colisão;0,9;0,9;0,8;0,9;0,3;32;0,333333333;;
608;0,9;Colisão;0,9;0,9;0,8;0,9;0,3;37;0,387096774;;
608;0,9;Colisão;0,9;0,9;0,8;0,7;0,1;33;0,344086022;;
446,2;0,8;Colisão;0,7;0,8;0,8;0,9;0,3;57;0,602150538;;
446,2;0,8;Colisão;0,7;0,8;0,8;0,7;0,1;36;0,376344086;;
446,2;0,8;Colisão;0,7;0,8;0,8;0,7;0,1;23;0,23655914;;
463;0,7;Incêndio;0,5;0,8;0,8;0,7;0,1;62;0,655913978;;
615,1;0,8;Atropelamento;0,7;0,8;0,9;0,9;0,7;25;0,258064516;;
615,1;0,8;Atropelamento;0,7;0,8;0,9;0,5;0,1;26;0,268817204;;
461,6;0,9;Colisão;0,7;0,8;0,8;0,7;0,1;26;0,268817204;;
461,6;0,9;Colisão;0,7;0,8;0,8;0,7;0,3;35;0,365591398;;
461,6;0,9;Colisão;0,7;0,8;0,8;0,7;0,1;40;0,419354839;;
613;0,8;Colisão;0,7;0,8;0,8;0,9;0,7;32;0,333333333;;
613;0,8;Colisão;0,7;0,8;0,8;0,9;0,3;12;0,11827957;;
613;0,8;Colisão;0,7;0,8;0,8;0,9;0,3;11;0,107526882;;
613;0,8;Colisão;0,7;0,8;0,8;0,9;0,7;35;0,365591398;;
553,1;0,8;Colisão;0,9;0,5;0,8;0,7;0,9;70;0,741935484;;
553,1;0,8;Colisão;0,9;0,5;0,8;0,7;0,9;65;0,688172043;;
553,1;0,8;Colisão;0,9;0,5;0,8;0,7;0,7;55;0,580645161;;
553,1;0,8;Colisão;0,9;0,5;0,8;0,7;0,7;27;0,279569892;;
635,4;0,8;Colisão;0,9;0,8;0,8;0,7;0,1;36;0,376344086;;
635,4;0,8;Colisão;0,9;0,8;0,8;0,7;0,1;32;0,333333333;;
625,4;0,8;Colisão;0,9;0,8;0,8;0,7;0,1;64;0,677419355;;
626;0,9;Colisão;0,9;0,8;0,8;0,9;0,3;51;0,537634409;;
626;0,9;Colisão;0,9;0,8;0,8;0,7;0,1;37;0,387096774;;
459,5;0,7;Saída de leito carroçável;0,9;0,8;0,8;0,7;0,7;52;0,548387097;;
691;0,9;Colisão;0,3;0,3;0,8;0,7;0,3;29;0,301075269;;
691;0,9;Colisão;0,3;0,3;0,8;0,7;0,1;51;0,537634409;;
637;0,8;Colisão;0,7;0,8;0,9;0,7;0,1;50;0,52688172;;
637;0,8;Colisão;0,7;0,8;0,9;0,7;0,3;52;0,548387097;;
625;0,9;Colisão;0,9;0,8;0,9;0,9;0,3;30;0,311827957;;
625;0,9;Colisão;0,9;0,8;0,9;0,7;0,1;41;0,430107527;;
627;0,9;Saída de leito carroçável;0,7;0,8;0,8;0,7;0,3;37;0,387096774;;
742;0,3;Colisão;0,7;0,8;0,9;0,7;0,1;26;0,268817204;;
742;0,3;Colisão;0,7;0,8;0,9;0,7;0,3;26;0,268817204;;
646;0,8;Saída de leito carroçável;0,9;0,8;0,8;0,7;0,1;46;0,483870968;;
646;0,8;Saída de leito carroçável;0,9;0,8;0,8;0,7;0,1;48;0,505376344;;
646;0,8;Saída de leito carroçável;0,9;0,8;0,8;0,7;0,1;10;0,096774194;;
646;0,8;Saída de leito carroçável;0,9;0,8;0,8;0,7;0,1;10;0,096774194;;
646;0,8;Saída de leito carroçável;0,9;0,8;0,8;0,7;0,1;43;0,451612903;;
644;0,5;Colisão;0,3;0,7;0,8;0,7;0,7;30;0,311827957;;
644;0,5;Colisão;0,3;0,7;0,8;0,7;0,7;38;0,397849462;;
644;0,5;Colisão;0,3;0,7;0,8;0,7;0,1;35;0,365591398;;
726;0,3;Saída de leito carroçável;0,9;0,8;0,8;0,7;0,3;54;0,569892473;;
421;0,7;Capotamento;0,9;0,8;0,8;0,9;0,3;18;0,182795699;;
421;0,7;Capotamento;0,9;0,8;0,8;0,9;0,3;20;0,204301075;;
623,5;0,8;Colisão;0,9;0,8;0,6;0,7;0,3;52;0,548387097;;
620;0,8;Colisão;0,7;0,8;0,8;0,9;0,7;29;0,301075269;;
476,9;0,3;Colisão;0,9;0,8;0,6;0,7;0,1;47;0,494623656;;
476,9;0,3;Colisão;0,9;0,8;0,6;0,7;0,1;16;0,161290323;;
476,9;0,3;Colisão;0,9;0,8;0,6;0,7;0,1;39;0,408602151;;
476,9;0,3;Colisão;0,9;0,8;0,6;0,7;0,3;16;0,161290323;;
476,9;0,3;Colisão;0,9;0,8;0,6;0,7;0,3;12;0,11827957;;
612,5;0,1;Colisão;0,7;0,8;0,8;0,9;0,7;19;0,193548387;;
612,5;0,1;Colisão;0,7;0,8;0,8;0,9;0,7;49;0,516129032;;
665;0,8;Queda de ocupante de veículo;0,9;0,8;0,9;0,9;0,3;25;0,258064516;;
684,5;0,3;Capotamento;0,7;0,8;0,8;0,7;0,3;40;0,419354839;;
420,7;0,9;Capotamento;0,9;0,8;0,8;0,7;0,1;58;0,612903226;;
626;0,5;Colisão;0,9;0,8;0,8;0,7;0,1;75;0,795698925;;
626;0,5;Colisão;0,9;0,8;0,8;0,7;0,3;57;0,602150538;;
626,5;0,2;Colisão;0,9;0,8;0,8;0,7;0,1;46;0,483870968;;
461,3;0,8;Colisão;0,7;0,8;0,5;0,7;0,3;28;0,290322581;;
461,3;0,8;Colisão;0,7;0,8;0,5;0,7;0,3;31;0,322580645;;
589,1;0,4;Saída de leito carroçável;0,5;0,8;0,9;0,7;0,3;30;0,311827957;;
589,1;0,4;Saída de leito carroçável;0,5;0,8;0,9;0,7;0,3;23;0,23655914;;
589,1;0,4;Saída de leito carroçável;0,5;0,8;0,9;0,7;0,3;21;0,215053763;;
589,1;0,4;Saída de leito carroçável;0,5;0,8;0,9;0,7;0,3;22;0,225806452;;
621,8;0,5;Colisão;0,9;0,5;0,6;0,9;0,3;34;0,35483871;;
626,2;0,7;Colisão;0,9;0,5;0,8;0,7;0,1;46;0,483870968;;
626,2;0,7;Colisão;0,9;0,5;0,8;0,9;0,7;24;0,247311828;;
602;0,8;Colisão;0,9;0,8;0,8;0,7;0,3;30;0,311827957;;
721;0,3;Saída de leito carroçável;0,3;0,8;0,8;0,7;0,3;21;0,215053763;;
624,7;0,9;Engavetamento;0,9;0,8;0,8;0,7;0,1;25;0,258064516;;
624,7;0,9;Engavetamento;0,9;0,8;0,8;0,7;0,1;27;0,279569892;;
624,7;0,9;Engavetamento;0,9;0,8;0,8;0,7;0,1;29;0,301075269;;
513;0,8;Colisão;0,7;0,8;0,9;0,7;0,1;47;0,494623656;;
513;0,8;Colisão;0,7;0,8;0,9;0,7;0,3;70;0,741935484;;
624,9;0,7;Queda de ocupante de veículo;0,9;0,8;0,8;0,9;0,3;26;0,268817204;;
630;0,8;Capotamento;0,7;0,8;0,4;0,7;0,1;26;0,268817204;;
630;0,8;Capotamento;0,7;0,8;0,4;0,7;0,1;24;0,247311828;;
620;0,9;Colisão;0,7;0,8;0,6;0,7;0,1;26;0,268817204;;
620;0,9;Colisão;0,7;0,8;0,6;0,9;0,3;19;0,193548387;;
621,7;0,8;Colisão;0,9;0,8;0,6;0,7;0,1;42;0,440860215;;
621,7;0,8;Colisão;0,9;0,8;0,6;0,7;0,1;33;0,344086022;;
713;0,9;Capotamento;0,9;0,8;0,8;0,7;0,3;57;0,602150538;;
713;0,9;Capotamento;0,9;0,8;0,8;0,7;0,3;65;0,688172043;;
624;0,8;Colisão;0,9;0,8;0,8;0,9;0,3;56;0,591397849;;
624;0,8;Colisão;0,9;0,8;0,8;0,7;0,1;61;0,64516129;;
645;0,8;Capotamento;0,5;0,8;0,9;0,7;0,3;47;0,494623656;;
645;0,8;Capotamento;0,5;0,8;0,9;0,7;0,3;46;0,483870968;;
590;0,9;Queda de ocupante de veículo;0,9;0,8;0,8;0,9;0,7;41;0,430107527;;
485,9;0,8;Colisão;0,9;0,8;0,7;0,7;0,1;49;0,516129032;;
485,9;0,8;Colisão;0,9;0,8;0,7;0,9;0,3;24;0,247311828;;
613;0,9;Colisão;0,5;0,4;0,8;0,7;0,3;48;0,505376344;;
613;0,9;Colisão;0,5;0,4;0,8;0,7;0,3;40;0,419354839;;
613;0,9;Colisão;0,5;0,4;0,8;0,5;0,1;42;0,440860215;;
621,9;0,9;Engavetamento;0,9;0,7;0,8;0,7;0,1;50;0,52688172;;
621,9;0,9;Engavetamento;0,9;0,7;0,8;0,7;0,1;38;0,397849462;;
621,9;0,9;Engavetamento;0,9;0,7;0,8;0,7;0,1;23;0,23655914;;
621,9;0,9;Engavetamento;0,9;0,7;0,8;0,7;0,1;48;0,505376344;;
620,9;0,8;Colisão;0,9;0,5;0,8;0,9;0,3;40;0,419354839;;
613,9;0,8;Saída de leito carroçável;0,9;0,8;0,8;0,9;0,3;21;0,215053763;;
622;0,8;Colisão;0,9;0,8;0,8;0,9;0,7;18;0,182795699;;
622;0,8;Colisão;0,9;0,8;0,8;0,7;0,1;50;0,52688172;;
617,3;0,9;Colisão;0,7;0,8;0,8;0,7;0,1;26;0,268817204;;
617,3;0,9;Colisão;0,7;0,8;0,8;0,7;0,1;8;0,075268817;;
617,3;0,9;Colisão;0,7;0,8;0,8;0,7;0,1;2;0,010752688;;
617,3;0,9;Colisão;0,7;0,8;0,8;0,7;0,1;18;0,182795699;;
617,3;0,9;Colisão;0,7;0,8;0,8;0,7;0,1;29;0,301075269;;
617,3;0,9;Colisão;0,7;0,8;0,8;0,7;0,1;42;0,440860215;;
617,3;0,9;Colisão;0,7;0,8;0,8;0,7;0,1;19;0,193548387;;
617,3;0,9;Colisão;0,7;0,8;0,8;0,7;0,1;40;0,419354839;;
607;0,9;Colisão;0,9;0,5;0,8;0,7;0,1;28;0,290322581;;
607;0,9;Colisão;0,9;0,5;0,8;0,7;0,3;78;0,827956989;;
607;0,9;Colisão;0,9;0,5;0,8;0,7;0,3;58;0,612903226;;
430;0,8;Engavetamento;0,9;0,8;0,9;0,7;0,1;61;0,64516129;;
430;0,8;Engavetamento;0,9;0,8;0,9;0,7;0,1;26;0,268817204;;
430;0,8;Engavetamento;0,9;0,8;0,9;0,7;0,1;48;0,505376344;;
436;0,8;Colisão;0,9;0,8;0,8;0,7;0,1;54;0,569892473;;
442;0,7;Colisão;0,7;0,8;0,8;0,7;0,1;34;0,35483871;;
442;0,7;Colisão;0,7;0,8;0,8;0,7;0,1;17;0,172043011;;
546;0,9;Colisão;0,7;0,8;0,8;0,7;0,3;63;0,666666667;;
719;0,9;Capotamento;0,7;0,8;0,8;0,7;0,1;37;0,387096774;;
719;0,9;Capotamento;0,7;0,8;0,8;0,7;0,3;54;0,569892473;;
613;0,9;Colisão;0,9;0,8;0,8;0,7;0,3;49;0,516129032;;
675;0,9;Colisão;0,7;0,8;0,8;0,7;0,1;37;0,387096774;;
675;0,9;Colisão;0,7;0,8;0,8;0,7;0,3;26;0,268817204;;
675;0,9;Colisão;0,7;0,8;0,8;0,7;0,3;5;0,043010753;;
626;0,8;Colisão;0,9;0,8;0,8;0,9;0,3;58;0,612903226;;
626;0,8;Colisão;0,9;0,8;0,8;0,7;0,1;49;0,516129032;;
613;0,9;Colisão;0,9;0,8;0,8;0,7;0,3;53;0,559139785;;
613;0,9;Colisão;0,9;0,8;0,8;0,7;0,3;55;0,580645161;;
613;0,9;Colisão;0,9;0,8;0,8;0,7;0,3;75;0,795698925;;
461,8;0,9;Colisão;0,3;0,8;0,8;0,7;0,7;50;0,52688172;;
461,8;0,9;Colisão;0,3;0,8;0,8;0,7;0,9;53;0,559139785;;
461,8;0,9;Colisão;0,3;0,8;0,8;0,7;0,1;27;0,279569892;;
461,8;0,9;Colisão;0,3;0,8;0,8;0,7;0,1;26;0,268817204;;
461,8;0,9;Colisão;0,3;0,8;0,8;0,7;0,1;29;0,301075269;;
461,8;0,9;Colisão;0,3;0,8;0,8;0,7;0,3;35;0,365591398;;
461,8;0,9;Colisão;0,3;0,8;0,8;0,7;0,3;9;0,086021505;;
461,8;0,9;Colisão;0,3;0,8;0,8;0,7;0,3;43;0,451612903;;
461,8;0,9;Colisão;0,3;0,8;0,8;0,7;0,3;45;0,47311828;;
640;0,8;Colisão;0,7;0,8;0,8;0,7;0,1;57;0,602150538;;
640;0,8;Colisão;0,7;0,8;0,8;0,7;0,1;28;0,290322581;;
640;0,8;Colisão;0,7;0,8;0,8;0,7;0,1;55;0,580645161;;
640;0,8;Colisão;0,7;0,8;0,8;0,7;0,1;61;0,64516129;;
640;0,8;Colisão;0,7;0,8;0,8;0,7;0,1;64;0,677419355;;
645;0,9;Saída de leito carroçável;0,9;0,8;0,9;0,7;0,1;66;0,698924731;;
470;0,8;Colisão;0,9;0,8;0,5;0,7;0,1;25;0,258064516;;
470;0,8;Colisão;0,9;0,8;0,5;0,7;0,1;80;0,849462366;;
435;0,8;Colisão;0,5;0,8;0,8;0,7;0,1;47;0,494623656;;
435;0,8;Colisão;0,5;0,8;0,8;0,7;0,1;65;0,688172043;;
435;0,8;Colisão;0,5;0,8;0,8;0,7;0,1;43;0,451612903;;
620;0,6;Capotamento;0,9;0,8;0,6;0,9;0,3;24;0,247311828;;
620;0,8;Engavetamento;0,9;0,8;0,8;0,5;0,1;51;0,537634409;;
620;0,8;Engavetamento;0,9;0,8;0,8;0,7;0,1;59;0,623655914;;
632;0,6;Queda de ocupante de veículo;0,9;0,8;0,7;0,9;0,7;28;0,290322581;;
613;0,9;Colisão;0,3;0,8;0,8;0,9;0,3;26;0,268817204;;
613;0,9;Colisão;0,3;0,8;0,8;0,7;0,1;58;0,612903226;;
645;0,9;Colisão;0,7;0,8;0,8;0,7;0,7;34;0,35483871;;
571;0,8;Colisão;0,7;0,8;0,8;0,7;0,1;27;0,279569892;;
571;0,8;Colisão;0,7;0,8;0,8;0,7;0,3;44;0,462365591;;
571;0,8;Colisão;0,7;0,8;0,8;0,7;0,3;45;0,47311828;;
571;0,8;Colisão;0,7;0,8;0,8;0,7;0,1;39;0,408602151;;
516;0,9;Engavetamento;0,9;0,8;0,8;0,7;0,3;40;0,419354839;;
516;0,9;Engavetamento;0,9;0,8;0,8;0,7;0,1;40;0,419354839;;
516;0,9;Engavetamento;0,9;0,8;0,8;0,7;0,3;34;0,35483871;;
516;0,9;Engavetamento;0,9;0,8;0,8;0,7;0,1;41;0,430107527;;
625,2;0,6;Queda de ocupante de veículo;0,7;0,3;0,5;0,9;0,3;46;0,483870968;;
625,2;0,6;Queda de ocupante de veículo;0,7;0,3;0,5;0,9;0,3;37;0,387096774;;
628;0,9;Atropelamento;0,7;0,8;0,8;0,5;0,1;36;0,376344086;;
614,4;0,9;Queda de ocupante de veículo;0,3;0,7;0,9;0,9;0,3;44;0,462365591;;
623,6;0,9;Colisão;0,3;0,7;0,6;0,7;0,1;45;0,47311828;;
623,6;0,9;Colisão;0,3;0,7;0,6;0,7;0,1;7;0,064516129;;
623,6;0,9;Colisão;0,3;0,7;0,6;0,7;0,1;35;0,365591398;;
623,6;0,9;Colisão;0,3;0,7;0,6;0,7;0,1;54;0,569892473;;
623,6;0,9;Colisão;0,3;0,7;0,6;0,7;0,3;54;0,569892473;;
673,8;0,1;Saída de leito carroçável;0,9;0,8;0,8;0,7;0,3;53;0,559139785;;
673,8;0,1;Saída de leito carroçável;0,9;0,8;0,8;0,7;0,7;47;0,494623656;;
623;0,8;Colisão;0,9;0,8;0,8;0,9;0,7;20;0,204301075;;
623;0,8;Colisão;0,9;0,8;0,8;0,9;0,1;21;0,215053763;;
623;0,8;Colisão;0,9;0,8;0,8;0,7;0,1;41;0,430107527;;
623;0,9;Colisão;0,9;0,8;0,8;0,7;0,1;55;0,580645161;;
623;0,9;Colisão;0,9;0,8;0,8;0,7;0,1;27;0,279569892;;
623;0,9;Colisão;0,9;0,8;0,8;0,9;0,3;38;0,397849462;;
620;0,8;Colisão;0,9;0,5;0,8;0,7;0,1;37;0,387096774;;
620;0,8;Colisão;0,9;0,5;0,8;0,7;0,3;31;0,322580645;;
654,8;0,7;Capotamento;0,9;0,5;0,8;0,7;0,3;62;0,655913978;;
688;0,8;Colisão;0,9;0,5;0,8;0,7;0,1;58;0,612903226;;
688;0,8;Colisão;0,9;0,5;0,8;0,7;0,1;45;0,47311828;;
471,2;0,8;Colisão;0,9;0,5;0,8;0,7;0,1;22;0,225806452;;
471,2;0,8;Colisão;0,9;0,5;0,8;0,7;0,1;56;0,591397849;;
471,2;0,8;Colisão;0,9;0,5;0,8;0,7;0,1;29;0,301075269;;
471,2;0,8;Colisão;0,9;0,5;0,8;0,7;0,1;63;0,666666667;;
471,2;0,8;Colisão;0,9;0,5;0,8;0,7;0,1;61;0,64516129;;
627;0,8;Queda de ocupante de veículo;0,9;0,8;0,8;0,9;0,3;25;0,258064516;;
610,5;0,8;Colisão;0,9;0,8;0,2;0,7;0,1;28;0,290322581;;
610,5;0,8;Colisão;0,9;0,8;0,2;0,7;0,1;41;0,430107527;;
518,5;0,8;Queda de ocupante de veículo;0,3;0,8;0,8;0,9;0,3;69;0,731182796;;
620,5;0,6;Capotamento;0,9;0,5;0,8;0,9;0,3;20;0,204301075;;
638;0,7;Colisão;0,9;0,8;0,8;0,7;0,1;50;0,52688172;;
638;0,7;Colisão;0,9;0,8;0,8;0,7;0,1;51;0,537634409;;
752,8;0,6;Capotamento;0,5;0,8;0,5;0,9;0,3;21;0,215053763;;
636;0,9;Colisão;0,9;0,8;0,8;0,7;0,3;72;0,76344086;;
443,8;0,8;Colisão;0,9;0,8;0,8;0,9;0,7;53;0,559139785;;
638,2;0,8;Colisão;0,9;0,8;0,8;0,7;0,3;47;0,494623656;;
638,2;0,8;Colisão;0,9;0,8;0,8;0,7;0,7;21;0,215053763;;
494;0,9;Colisão;0,9;0,8;0,8;0,7;0,1;52;0,548387097;;
494;0,9;Colisão;0,9;0,8;0,8;0,7;0,3;23;0,23655914;;
666,6;0,9;Capotamento;0,9;0,8;0,8;0,7;0,3;66;0,698924731;;
666,6;0,9;Capotamento;0,9;0,8;0,8;0,7;0,3;32;0,333333333;;
666,6;0,9;Capotamento;0,9;0,8;0,8;0,7;0,3;49;0,516129032;;
623;0,9;Colisão;0,9;0,8;0,8;0,9;0,3;31;0,322580645;;
621;0,9;Colisão;0,7;0,8;0,8;0,7;0,1;39;0,408602151;;
621;0,9;Colisão;0,7;0,8;0,8;0,7;0,1;46;0,483870968;;
621;0,9;Colisão;0,7;0,8;0,8;0,7;0,3;38;0,397849462;;
493,5;0,9;Colisão;0,9;0,5;0,8;0,7;0,1;30;0,311827957;;
612;0,9;Engavetamento;0,9;0,8;0,8;0,7;0,1;19;0,193548387;;
612;0,9;Engavetamento;0,9;0,8;0,8;0,7;0,3;19;0,193548387;;
612;0,9;Engavetamento;0,9;0,8;0,8;0,7;0,1;26;0,268817204;;
612;0,9;Engavetamento;0,9;0,8;0,8;0,7;0,1;29;0,301075269;;
625;0,8;Colisão;0,9;0,8;0,9;0,9;0,3;18;0,182795699;;
625;0,8;Colisão;0,9;0,8;0,9;0,9;0,3;56;0,591397849;;
734;0,7;Saída de leito carroçável;0,9;0,5;0,8;0,7;0,7;51;0,537634409;;
482,8;0,9;Saída de leito carroçável;0,9;0,8;0,9;0,7;0,3;37;0,387096774;;
695;0,9;Colisão;0,9;0,8;0,8;0,7;0,3;26;0,268817204;;
695;0,9;Colisão;0,9;0,8;0,8;0,7;0,1;38;0,397849462;;
630;0,8;Colisão;0,7;0,8;0,8;0,7;0,3;41;0,430107527;;
625;0,9;Colisão;0,9;0,8;0,8;0,7;0,1;49;0,516129032;;
625;0,9;Colisão;0,9;0,8;0,8;0,7;0,3;69;0,731182796;;
726;0,6;Saída de leito carroçável;0,9;0,9;0,8;0,7;0,1;27;0,279569892;;
645,5;0,6;Danos eventuais;0,3;0,9;0,8;0,7;0,3;38;0,397849462;;
599,7;0,7;Capotamento;0,9;0,7;0,8;0,7;0,3;52;0,548387097;;
611;0,9;Colisão;0,9;0,8;0,2;0,7;0,1;29;0,301075269;;
611;0,9;Colisão;0,9;0,8;0,2;0,9;0,3;29;0,301075269;;
611;0,8;Queda de ocupante de veículo;0,7;0,8;0,7;0,9;0,3;50;0,52688172;;
440,8;0,9;Colisão;0,5;0,8;0,9;0,7;0,1;38;0,397849462;;
612;0,8;Engavetamento;0,3;0,8;0,8;0,7;0,1;39;0,408602151;;
612;0,8;Engavetamento;0,3;0,8;0,8;0,7;0,1;24;0,247311828;;
612;0,8;Engavetamento;0,3;0,8;0,8;0,7;0,1;29;0,301075269;;
470;0,8;Colisão;0,7;0,8;0,8;0,7;0,3;18;0,182795699;;
470;0,8;Colisão;0,7;0,8;0,8;0,7;0,1;40;0,419354839;;
470;0,8;Colisão;0,7;0,8;0,8;0,7;0,1;36;0,376344086;;
504;0,9;Colisão;0,9;0,8;0,8;0,7;0,1;33;0,344086022;;
504;0,9;Colisão;0,9;0,8;0,8;0,7;0,1;44;0,462365591;;
504;0,9;Colisão;0,9;0,8;0,8;0,7;0,1;31;0,322580645;;
504;0,9;Colisão;0,9;0,8;0,8;0,7;0,3;29;0,301075269;;
504;0,9;Colisão;0,9;0,8;0,8;0,7;0,1;26;0,268817204;;
504;0,9;Colisão;0,9;0,8;0,8;0,7;0,1;25;0,258064516;;
504;0,9;Colisão;0,9;0,8;0,8;0,7;0,1;23;0,23655914;;
504;0,9;Colisão;0,9;0,8;0,8;0,7;0,1;29;0,301075269;;
625,1;0,8;Colisão;0,9;0,8;0,5;0,7;0,3;53;0,559139785;;
625,1;0,8;Colisão;0,9;0,8;0,5;0,9;0,1;19;0,193548387;;
625,1;0,8;Colisão;0,9;0,8;0,5;0,7;0,1;64;0,677419355;;
611;0,9;Colisão;0,9;0,8;0,2;0,9;0,3;30;0,311827957;;
626,2;0,8;Atropelamento;0,3;0,8;0,8;0,9;0,7;23;0,23655914;;
614;0,9;Colisão;0,9;0,8;0,8;0,7;0,1;68;0,720430108;;
614;0,9;Colisão;0,9;0,8;0,8;0,7;0,1;61;0,64516129;;
614;0,9;Colisão;0,9;0,8;0,8;0,9;0,7;29;0,301075269;;
621,8;0,9;Saída de leito carroçável;0,7;0,8;0,9;0,7;0,3;23;0,23655914;;
621,8;0,9;Saída de leito carroçável;0,7;0,8;0,9;0,7;0,3;36;0,376344086;;
621,8;0,9;Saída de leito carroçável;0,7;0,8;0,9;0,7;0,3;24;0,247311828;;
638;0,6;Capotamento;0,9;0,8;0,5;0,9;0,7;32;0,333333333;;
683;0,4;Capotamento;0,7;0,8;0,4;0,7;0,3;49;0,516129032;;
462,6;0,1;Colisão;0,9;0,8;0,8;0,7;0,9;26;0,268817204;;
639;0,9;Colisão;0,9;0,5;0,8;0,7;0,1;55;0,580645161;;
462;0,8;Colisão;0,9;0,5;0,8;0,7;0,1;59;0,623655914;;
462;0,8;Colisão;0,9;0,5;0,8;0,7;0,1;36;0,376344086;;
638,2;0,9;Capotamento;0,9;0,8;0,5;0,7;0,3;53;0,559139785;;
626,5;0,8;Colisão;0,3;0,7;0,8;0,7;0,1;22;0,225806452;;
626,5;0,8;Colisão;0,3;0,7;0,8;0,9;0,3;42;0,440860215;;
624,9;0,8;Colisão;0,3;0,8;0,8;0,7;0,1;34;0,35483871;;
630,5;0,3;Atropelamento;0,9;0,8;0,8;0,7;0,1;37;0,387096774;;
720,8;0,7;Colisão;0,7;0,8;0,8;0,7;0,3;48;0,505376344;;
720,8;0,7;Colisão;0,7;0,8;0,8;0,7;0,3;58;0,612903226;;
636;0,8;Colisão;0,7;0,3;0,4;0,7;0,3;28;0,290322581;;
671;0,9;Capotamento;0,9;0,7;0,8;0,7;0,3;22;0,225806452;;
671;0,9;Capotamento;0,9;0,7;0,8;0,7;0,7;21;0,215053763;;
627;0,8;Colisão;0,3;0,8;0,9;0,7;0,1;54;0,569892473;;
627;0,8;Colisão;0,3;0,8;0,9;0,7;0,3;54;0,569892473;;
608;0,8;Colisão;0,9;0,5;0,2;0,5;0,1;22;0,225806452;;
608;0,8;Colisão;0,9;0,5;0,2;0,5;0,1;25;0,258064516;;
593;0,9;Colisão;0,7;0,8;0,8;0,7;0,1;57;0,602150538;;
593;0,9;Colisão;0,7;0,8;0,8;0,7;0,3;38;0,397849462;;
668;0,9;Colisão;0,7;0,8;0,8;0,7;0,3;61;0,64516129;;
668;0,9;Colisão;0,7;0,8;0,8;0,7;0,1;47;0,494623656;;
565;0,9;Colisão;0,7;0,9;0,8;0,7;0,7;66;0,698924731;;
629;0,9;Colisão;0,7;0,9;0,9;0,7;0,1;52;0,548387097;;
629;0,9;Colisão;0,7;0,9;0,9;0,7;0,3;80;0,849462366;;
629;0,9;Colisão;0,7;0,9;0,9;0,7;0,1;61;0,64516129;;
609;0,8;Colisão;0,9;0,8;0,8;0,9;0,7;27;0,279569892;;
625;0,9;Engavetamento;0,7;0,9;0,8;0,7;0,1;30;0,311827957;;
625;0,9;Engavetamento;0,7;0,9;0,8;0,7;0,1;51;0,537634409;;
625;0,9;Engavetamento;0,7;0,9;0,8;0,7;0,3;31;0,322580645;;
628,9;0,9;Colisão;0,7;0,9;0,9;0,7;0,1;21;0,215053763;;
621;0,6;Colisão;0,9;0,9;0,8;0,7;0,1;38;0,397849462;;
644;0,7;Saída de leito carroçável;0,9;0,9;0,8;0,7;0,3;40;0,419354839;;
623,1;0,8;Saída de leito carroçável;0,9;0,8;0,7;0,9;0,7;23;0,23655914;;
745,5;0,8;Colisão;0,5;0,7;0,8;0,7;0,7;33;0,344086022;;
688;0,8;Colisão;0,9;0,7;0,8;0,7;0,1;52;0,548387097;;
688;0,8;Colisão;0,9;0,7;0,8;0,7;0,3;73;0,774193548;;
688;0,8;Colisão;0,9;0,7;0,8;0,7;0,7;70;0,741935484;;
510,7;0,9;Saída de leito carroçável;0,9;0,8;0,8;0,7;0,9;77;0,817204301;;
510,7;0,9;Saída de leito carroçável;0,9;0,8;0,8;0,7;0,7;48;0,505376344;;
510,7;0,9;Saída de leito carroçável;0,9;0,8;0,8;0,7;0,7;48;0,505376344;;
687;0,9;Capotamento;0,9;0,9;0,8;0,7;0,3;34;0,35483871;;
611,7;0,2;Colisão;0,7;0,8;0,8;0,7;0,1;29;0,301075269;;
611,7;0,2;Colisão;0,7;0,8;0,8;0,7;0,3;33;0,344086022;;
603;0,9;Saída de leito carroçável;0,7;0,8;0,9;0,7;0,9;63;0,666666667;;
621;0,8;Colisão;0,9;0,8;0,8;0,7;0,3;18;0,182795699;;
621;0,8;Colisão;0,9;0,8;0,8;0,7;0,1;41;0,430107527;;
626;0,9;Colisão;0,9;0,8;0,2;0,7;0,1;25;0,258064516;;
626;0,9;Colisão;0,9;0,8;0,2;0,7;0,1;27;0,279569892;;
626;0,9;Colisão;0,9;0,8;0,2;0,7;0,3;46;0,483870968;;
626;0,9;Colisão;0,9;0,8;0,2;0,7;0,1;20;0,204301075;;
640;0,9;Capotamento;0,9;0,9;0,8;0,7;0,3;24;0,247311828;;
629,9;0,9;Saída de leito carroçável;0,9;0,8;0,9;0,9;0,1;21;0,215053763;;
492;0,9;Colisão;0,9;0,5;0,8;0,5;0,3;41;0,430107527;;
492;0,9;Colisão;0,9;0,5;0,8;0,5;0,3;34;0,35483871;;
492;0,9;Colisão;0,9;0,5;0,8;0,5;0,9;67;0,709677419;;
492;0,9;Colisão;0,9;0,5;0,8;0,5;0,3;35;0,365591398;;
492;0,9;Colisão;0,9;0,5;0,8;0,5;0,3;10;0,096774194;;
626;0,9;Colisão;0,9;0,5;0,8;0,7;0,1;29;0,301075269;;
626;0,9;Colisão;0,9;0,5;0,8;0,7;0,1;34;0,35483871;;
626;0,9;Colisão;0,9;0,5;0,8;0,7;0,1;41;0,430107527;;
446;0,9;Colisão;0,9;0,8;0,8;0,7;0,1;24;0,247311828;;
446;0,9;Colisão;0,9;0,8;0,8;0,7;0,1;38;0,397849462;;
446;0,9;Colisão;0,9;0,8;0,8;0,7;0,1;61;0,64516129;;
446;0,9;Colisão;0,9;0,8;0,8;0,7;0,1;42;0,440860215;;
446;0,9;Colisão;0,9;0,8;0,8;0,7;0,1;84;0,892473118;;
446;0,9;Colisão;0,9;0,8;0,8;0,7;0,1;25;0,258064516;;
479,2;0,8;Engavetamento;0,9;0,8;0,8;0,7;0,1;28;0,290322581;;
479,2;0,8;Engavetamento;0,9;0,8;0,8;0,7;0,1;62;0,655913978;;
479,2;0,8;Engavetamento;0,9;0,8;0,8;0,7;0,1;22;0,225806452;;
479,2;0,8;Engavetamento;0,9;0,8;0,8;0,7;0,1;35;0,365591398;;
479,2;0,8;Engavetamento;0,9;0,8;0,8;0,7;0,3;70;0,741935484;;
645;0,9;Saída de leito carroçável;0,9;0,9;0,8;0,7;0,3;54;0,569892473;;
621;0,9;Capotamento;0,7;0,7;0,9;0,7;0,7;38;0,397849462;;
523,2;0,8;Colisão;0,7;0,7;0,8;0,7;0,3;55;0,580645161;;
523,2;0,8;Colisão;0,7;0,7;0,8;0,7;0,1;37;0,387096774;;
525,8;0,3;Saída de leito carroçável;0,5;0,9;0,7;0,7;0,3;42;0,440860215;;
522;0,9;Capotamento;0,7;0,8;0,8;0,7;0,1;30;0,311827957;;
522;0,9;Capotamento;0,7;0,8;0,8;0,7;0,9;38;0,397849462;;
569,8;0,9;Saída de leito carroçável;0,9;0,5;0,9;0,7;0,1;58;0,612903226;;
569,8;0,9;Saída de leito carroçável;0,9;0,5;0,9;0,7;0,1;39;0,408602151;;
569,8;0,9;Saída de leito carroçável;0,9;0,5;0,9;0,7;0,1;54;0,569892473;;
569,8;0,9;Saída de leito carroçável;0,9;0,5;0,9;0,7;0,3;81;0,860215054;;
673;0,6;Capotamento;0,9;0,9;0,9;0,7;0,3;44;0,462365591;;
625;0,6;Colisão;0,7;0,9;0,8;0,7;0,3;23;0,23655914;;
612;0,6;Colisão;0,9;0,9;0,8;0,7;0,1;24;0,247311828;;
663;0,9;Colisão;0,5;0,7;0,8;0,7;0,1;48;0,505376344;;
663;0,9;Colisão;0,5;0,7;0,8;0,7;0,3;71;0,752688172;;
663;0,9;Colisão;0,5;0,7;0,8;0,7;0,3;6;0,053763441;;
663;0,9;Colisão;0,5;0,7;0,8;0,7;0,3;3;0,021505376;;
663;0,9;Colisão;0,5;0,7;0,8;0,7;0,3;26;0,268817204;;
631;0,8;Colisão;0,9;0,7;0,8;0,7;0,1;28;0,290322581;;
631;0,8;Colisão;0,9;0,7;0,8;0,7;0,1;57;0,602150538;;
748;0,8;Capotamento;0,9;0,9;0,9;0,7;0,7;61;0,64516129;;
748;0,8;Capotamento;0,9;0,9;0,9;0,7;0,3;15;0,150537634;;
748;0,8;Capotamento;0,9;0,9;0,9;0,7;0,7;65;0,688172043;;
578;0,8;Colisão;0,9;0,7;0,7;0,9;0,3;64;0,677419355;;
623;0,8;Colisão;0,7;0,9;0,8;0,7;0,3;26;0,268817204;;
512;0,9;Capotamento;0,9;0,9;0,8;0,7;0,3;41;0,430107527;;
512;0,9;Capotamento;0,9;0,9;0,8;0,7;0,3;35;0,365591398;;
512;0,9;Capotamento;0,9;0,9;0,8;0,7;0,3;10;0,096774194;;
512;0,9;Capotamento;0,9;0,9;0,8;0,7;0,3;7;0,064516129;;
618;0,8;Colisão;0,9;0,5;0,8;0,7;0,3;40;0,419354839;;
636;0,4;Saída de leito carroçável;0,7;0,6;0,8;0,7;0,3;61;0,64516129;;
544;0,8;Colisão;0,9;0,7;0,8;0,7;0,3;27;0,279569892;;
544;0,8;Colisão;0,9;0,7;0,8;0,7;0,3;30;0,311827957;;
544;0,8;Colisão;0,9;0,7;0,8;0,7;0,9;61;0,64516129;;
626;0,9;Colisão;0,7;0,8;0,8;0,7;0,1;55;0,580645161;;
626;0,9;Colisão;0,7;0,8;0,8;0,7;0,1;29;0,301075269;;
626;0,9;Colisão;0,7;0,8;0,8;0,7;0,3;27;0,279569892;;
626;0,9;Colisão;0,7;0,8;0,8;0,7;0,1;42;0,440860215;;
625,5;0,8;Colisão;0,9;0,9;0,8;0,9;0,3;35;0,365591398;;
625,5;0,8;Colisão;0,9;0,9;0,8;0,7;0,1;33;0,344086022;;
644;0,8;Saída de leito carroçável;0,7;0,9;0,8;0,7;0,3;53;0,559139785;;
625;0,9;Colisão;0,9;0,9;0,8;0,5;0,1;32;0,333333333;;
625;0,9;Colisão;0,9;0,9;0,8;0,9;0,3;45;0,47311828;;
626;0,8;Colisão;0,9;0,7;0,8;0,9;0,7;29;0,301075269;;
626;0,8;Colisão;0,9;0,7;0,8;0,7;0,1;43;0,451612903;;
720;0,9;Capotamento;0,7;0,9;0,8;0,7;0,1;37;0,387096774;;
621;0,7;Colisão;0,7;0,8;0,9;0,9;0,3;25;0,258064516;;
689,1;0,8;Colisão;0,9;0,8;0,8;0,7;0,1;35;0,365591398;;
689,1;0,8;Colisão;0,9;0,8;0,8;0,7;0,1;46;0,483870968;;
689,1;0,8;Colisão;0,9;0,8;0,8;0,7;0,7;47;0,494623656;;
687;0,9;Capotamento;0,9;0,7;0,9;0,7;0,7;49;0,516129032;;
646;0,5;Capotamento;0,7;0,9;0,8;0,7;0,3;37;0,387096774;;
432,2;0,9;Colisão;0,7;0,6;0,7;0,7;0,1;30;0,311827957;;
432,2;0,9;Colisão;0,7;0,6;0,7;0,7;0,3;43;0,451612903;;
432,2;0,9;Colisão;0,7;0,6;0,7;0,7;0,1;21;0,215053763;;
432,2;0,9;Colisão;0,7;0,6;0,7;0,7;0,1;25;0,258064516;;
432,2;0,9;Colisão;0,7;0,6;0,7;0,7;0,3;29;0,301075269;;
627;0,8;Colisão;0,9;0,7;0,7;0,7;0,1;21;0,215053763;;
627;0,8;Colisão;0,9;0,7;0,7;0,7;0,1;34;0,35483871;;
627;0,8;Colisão;0,9;0,7;0,7;0,7;0,1;29;0,301075269;;
462;0,4;Colisão;0,5;0,7;0,8;0,7;0,9;31;0,322580645;;
470;0,9;Capotamento;0,9;0,8;0,8;0,7;0,3;32;0,333333333;;
426;0,8;Colisão;0,9;0,7;0,8;0,7;0,7;51;0,537634409;;
613;0,7;Capotamento;0,3;0,8;0,8;0,9;0,3;19;0,193548387;;
613;0,7;Capotamento;0,3;0,8;0,8;0,9;0,3;19;0,193548387;;
638;0,4;Colisão;0,7;0,9;0,8;0,7;0,1;21;0,215053763;;
429,6;0,9;Saída de leito carroçável;0,5;0,8;0,8;0,7;0,3;41;0,430107527;;
429,8;0,7;Colisão;0,9;0,5;0,9;0,7;0,1;39;0,408602151;;
429,8;0,7;Colisão;0,9;0,5;0,9;0,7;0,1;44;0,462365591;;
429,8;0,7;Colisão;0,9;0,5;0,9;0,7;0,1;18;0,182795699;;
429,8;0,7;Colisão;0,9;0,5;0,9;0,7;0,1;33;0,344086022;;
429,8;0,7;Colisão;0,9;0,5;0,9;0,7;0,1;36;0,376344086;;
463;0,8;Colisão;0,9;0,5;0,8;0,7;0,3;59;0,623655914;;
630;0,2;Danos eventuais;0,9;0,8;0,8;0,7;0,1;41;0,430107527;;
482;0,8;Colisão;0,9;0,8;0,8;0,7;0,1;35;0,365591398;;
482;0,8;Colisão;0,9;0,8;0,8;0,9;0,7;24;0,247311828;;
428;0,8;Colisão;0,7;0,8;0,3;0,7;0,1;35;0,365591398;;
428;0,8;Colisão;0,7;0,8;0,3;0,7;0,1;6;0,053763441;;
428;0,8;Colisão;0,7;0,8;0,3;0,7;0,1;28;0,290322581;;
621;0,9;Colisão;0,3;0,3;0,8;0,7;0,1;35;0,365591398;;
621;0,9;Colisão;0,3;0,3;0,8;0,9;0,3;17;0,172043011;;
621;0,9;Colisão;0,3;0,3;0,8;0,7;0,1;45;0,47311828;;
492;0,9;Capotamento;0,9;0,9;0,8;0,7;0,3;52;0,548387097;;
517;0,9;Saída de leito carroçável;0,7;0,7;0,9;0,7;0,3;20;0,204301075;;
517;0,9;Saída de leito carroçável;0,7;0,7;0,9;0,7;0,7;40;0,419354839;;
517;0,9;Saída de leito carroçável;0,7;0,7;0,9;0,7;0,9;41;0,430107527;;
612,3;0,8;Queda de ocupante de veículo;0,7;0,6;0,8;0,9;0,7;37;0,387096774;;
626;0,8;Colisão;0,9;0,8;0,8;0,7;0,1;35;0,365591398;;
626;0,8;Colisão;0,9;0,8;0,8;0,9;0,3;21;0,215053763;;
626;0,8;Colisão;0,9;0,8;0,8;0,9;0,7;22;0,225806452;;
612;0,8;Colisão;0,7;0,7;0,8;0,7;0,3;20;0,204301075;;
637,3;0,3;Colisão;0,9;0,8;0,8;0,7;0,1;55;0,580645161;;
637,3;0,3;Colisão;0,9;0,8;0,8;0,9;0,7;25;0,258064516;;
612;0,9;Colisão;0,9;0,8;0,8;0,7;0,3;41;0,430107527;;
612;0,9;Colisão;0,9;0,8;0,8;0,7;0,1;44;0,462365591;;
595,5;0,9;Colisão;0,3;0,3;0,8;0,9;0,7;29;0,301075269;;
595,5;0,9;Colisão;0,3;0,3;0,8;0,9;0,9;24;0,247311828;;
595,5;0,9;Colisão;0,3;0,3;0,8;0,7;0,3;50;0,52688172;;
